<?xml version="1.0" encoding="UTF-8"?>
<test-cases>
   <cases xmlns:java="http://java.sun.com" xmlns:xsi="http://www.w3.org/2001/XMLSchema-instance" xsi:type="java:com.assessment.data.TestCase">
      <test-case-type>Functional</test-case-type>
      <expected-ouput>True</expected-ouput>
      <name>BoundaryTestFor_ValidMovieName</name>
      <weight>8</weight>
      <mandatory>True</mandatory>
      <desc>na</desc>
   </cases>
   <cases xmlns:java="http://java.sun.com" xmlns:xsi="http://www.w3.org/2001/XMLSchema-instance" xsi:type="java:com.assessment.data.TestCase">
      <test-case-type>Functional</test-case-type>
      <expected-ouput>True</expected-ouput>
      <name>TestFor_SearchByAllotMovieIdAsync</name>
      <weight>8</weight>
      <mandatory>True</mandatory>
      <desc>na</desc>
   </cases>
   <cases xmlns:java="http://java.sun.com" xmlns:xsi="http://www.w3.org/2001/XMLSchema-instance" xsi:type="java:com.assessment.data.TestCase">
      <test-case-type>Functional</test-case-type>
      <expected-ouput>True</expected-ouput>
      <name>MongoBookDBContext_Constructor_Success</name>
      <weight>5</weight>
      <mandatory>True</mandatory>
      <desc>na</desc>
   </cases>
   <cases xmlns:java="http://java.sun.com" xmlns:xsi="http://www.w3.org/2001/XMLSchema-instance" xsi:type="java:com.assessment.data.TestCase">
      <test-case-type>Functional</test-case-type>
      <expected-ouput>True</expected-ouput>
      <name> MongoBookDBContext_GetCollection_ValidName_Success</name>
      <weight>5</weight>
      <mandatory>True</mandatory>
      <desc>na</desc>
   </cases>
   <cases xmlns:java="http://java.sun.com" xmlns:xsi="http://www.w3.org/2001/XMLSchema-instance" xsi:type="java:com.assessment.data.TestCase">
      <test-case-type>Functional</test-case-type>
      <expected-ouput>True</expected-ouput>
      <name>TestFor_DeleteContactUs</name>
      <weight>5</weight>
      <mandatory>True</mandatory>
      <desc>na</desc>
   </cases>
   <cases xmlns:java="http://java.sun.com" xmlns:xsi="http://www.w3.org/2001/XMLSchema-instance" xsi:type="java:com.assessment.data.TestCase">
      <test-case-type>Boundary</test-case-type>
      <expected-ouput>True</expected-ouput>
      <name>CreateNewMovie_Null_Failur</name>
      <weight>6</weight>
      <mandatory>True</mandatory>
      <desc>na</desc>
   </cases>
   <cases xmlns:java="http://java.sun.com" xmlns:xsi="http://www.w3.org/2001/XMLSchema-instance" xsi:type="java:com.assessment.data.TestCase">
      <test-case-type>Boundary</test-case-type>
      <expected-ouput>True</expected-ouput>
      <name>CreateNewMultiplex_Null_Failure</name>
      <weight>6</weight>
      <mandatory>True</mandatory>
      <desc>na</desc>
   </cases>
   <cases xmlns:java="http://java.sun.com" xmlns:xsi="http://www.w3.org/2001/XMLSchema-instance" xsi:type="java:com.assessment.data.TestCase">
      <test-case-type>Boundary</test-case-type>
      <expected-ouput>True</expected-ouput>
      <name>TestFor_GetAllMoviesAsync</name>
      <weight>6</weight>
      <mandatory>True</mandatory>
      <desc>na</desc>
   </cases>
   <cases xmlns:java="http://java.sun.com" xmlns:xsi="http://www.w3.org/2001/XMLSchema-instance" xsi:type="java:com.assessment.data.TestCase">
      <test-case-type>Boundary</test-case-type>
      <expected-ouput>True</expected-ouput>
      <name>TestFor_MovieRegisterAsync</name>
      <weight>6</weight>
      <mandatory>True</mandatory>
      <desc>na</desc>
   </cases>
   <cases xmlns:java="http://java.sun.com" xmlns:xsi="http://www.w3.org/2001/XMLSchema-instance" xsi:type="java:com.assessment.data.TestCase">
      <test-case-type>Boundary</test-case-type>
      <expected-ouput>True</expected-ouput>
      <name>TestFor_SearchByAllotMovieIdAsync</name>
      <weight>6</weight>
      <mandatory>True</mandatory>
      <desc>na</desc>
   </cases>
 
</test-cases>